turn,n,input_tokens_p25,input_tokens_p50,input_tokens_p75,cum_input_tokens_p25,cum_input_tokens_p50,cum_input_tokens_p75,history_share_cum_p25,history_share_cum_p50,history_share_cum_p75,history_share_turn_p25,history_share_turn_p50,history_share_turn_p75,repeat_share_cum_p25,repeat_share_cum_p50,repeat_share_cum_p75,relative_cost_vs_turn1_p25,relative_cost_vs_turn1_p50,relative_cost_vs_turn1_p75
1,3000,19.0,32.0,69.0,19.0,32.0,69.0,0.043478260869565216,0.09375,0.15789473684210525,0.0,0.0,0.0,0.043478260869565216,0.09375,0.15789473684210525,1.0,1.0,1.0
2,3000,141.0,269.0,487.0,173.0,313.5,567.0,0.5671369827248597,0.7471895920171783,0.8724899061472231,0.7292370042872454,0.8827041785375118,0.9441953117761512,0.0810034111279347,0.15873935514723464,0.26842105263157895,3.0,5.97772207315351,12.75
3,3000,295.75,516.5,863.25,479.0,829.0,1421.0,0.7332108913833095,0.8599850259469421,0.9323606651498075,0.863994782047374,0.9419439952336368,0.9714398913289564,0.3453056549174069,0.3939393939393939,0.45816175907280127,5.382125530624622,12.625932835820896,26.59835423197492
4,3000,460.0,766.5,1227.25,957.0,1602.5,2658.75,0.8093175610943283,0.907690703670003,0.9542221849730534,0.9134595238955315,0.9626931947721429,0.9809160305343512,0.4940700607274996,0.5307676067776088,0.5733333333333334,7.961015967035797,19.919871794871796,40.59395424836601
5,3000,624.75,1026.5,1587.25,1597.0,2640.0,4240.25,0.8529769874565326,0.9304228707564026,0.9651904050189193,0.9333333333333333,0.9723756906077348,0.9855419289521371,0.5879127649126293,0.6178281229069704,0.651637788070957,10.651797175866495,26.518292682926827,55.30297157622739
6,3000,807.0,1301.0,1951.5,2448.75,3936.5,6174.25,0.8825493897364565,0.9444444444444444,0.971966909791834,0.9480920615575191,0.9781389323825513,0.9884482089016831,0.6523806193180843,0.6780575685312498,0.7041434575158575,13.383928571428571,34.401785714285715,70.921875
7,3000,975.0,1571.5,2334.0,3480.0,5533.0,8484.25,0.9021034999817138,0.9538909074404527,0.9765028682339235,0.9573869081847806,0.9821945168781554,0.9904404918997733,0.6991778665487773,0.7201609751495877,0.7423766622429119,16.101935874168177,41.790221216691805,84.8425824175824
8,3000,1168.75,1858.0,2710.25,4698.0,7418.0,11173.5,0.9154470484188492,0.9608072483751295,0.9797193233127777,0.9642175699579303,0.9844547739705418,0.9918179263559119,0.7355584598243079,0.7537210310067329,0.7726358499558024,18.897658079625295,49.898446833930706,100.58958333333334
9,3000,1346.75,2134.0,3112.5,6080.0,9585.0,14216.0,0.9259094471968878,0.9657845331015433,0.9822805108719067,0.9683114791810443,0.9870153287030315,0.9929575231228446,0.7635905753423049,0.780287484394072,0.796081125947907,21.638655462184875,57.878367346938774,115.56223060344828
10,3000,1533.75,2438.5,3487.0,7646.0,11986.0,17618.25,0.934309855174301,0.969782545949258,0.9841616295414048,0.9721644589414784,0.9884639605263636,0.9938785490265463,0.78620054247519,0.802097316732688,0.8158291443225647,24.404761904761905,65.80397022332507,131.36666666666667
11,2363,1664.0,2574.0,3590.0,8969.5,13966.0,19963.0,0.9386962491734838,0.9715433908982296,0.9854566068434998,0.9732485301451628,0.989423076923077,0.9942866743471582,0.8054032702498533,0.8195538680588514,0.8324108010437449,26.680555555555557,71.0,140.52651515151513
12,1936,1784.0,2760.5,3762.0,10499.0,16297.0,23178.5,0.9437669191874122,0.9736837260928382,0.9865508022237667,0.9749911431270666,0.9897552213473434,0.9945728050381749,0.8213392543050702,0.8341692287175819,0.8456323509050656,29.07923076923077,75.32666666666665,149.81026785714283
13,1548,1858.75,2865.5,3883.25,12071.0,18432.5,25732.75,0.9471382051583119,0.9742871226834358,0.9874595315194851,0.9751557929230605,0.9902102767247377,0.9948433416958453,0.8350770437715693,0.8464591617796591,0.8579544723229262,30.60577547047372,77.51410256410256,155.32456140350877
14,1267,1948.0,2985.0,3987.5,13595.0,20703.0,29049.5,0.9492948392520992,0.9755931544146247,0.9879461613574577,0.9769118051818286,0.9905316824471959,0.9951671545547395,0.8464837959830147,0.8577808529374764,0.8677365592578788,32.6312893081761,79.91666666666667,159.65608919382504
15,1013,2003.0,2980.0,4043.0,15079.0,22377.0,32329.0,0.9507674485954243,0.9757608769660244,0.9885576633544113,0.978343949044586,0.99082823790995,0.9952931108258452,0.8577729165196528,0.8678005166911504,0.8768508486818346,33.22627737226277,78.3913043478261,164.76470588235293
16,855,2119.5,3074.0,4660.0,16637.5,24534.0,38722.0,0.9520366337711471,0.9763614874079461,0.9890821511534474,0.9768275768749366,0.9913448735019973,0.995622192899491,0.8666549676102764,0.875927036053781,0.8836418102547647,34.8503893214683,78.91304347826087,175.75
17,712,2168.5,3127.5,4764.5,17954.0,26643.5,41606.25,0.954107575117471,0.9768341274059604,0.9897199947913369,0.9779090415135676,0.9912720621633898,0.9956273797962896,0.8750825200285401,0.883097353846952,0.8903233575447106,35.65726933830382,79.48888888888888,178.3779761904762
18,605,2248.0,3244.0,5315.0,19875.0,29155.0,48825.0,0.9576822916666666,0.9777399644210689,0.9898183442739896,0.9787812840043526,0.9914297658862876,0.9958562367864694,0.8822536709743101,0.8895214759296627,0.8966025442134657,37.63636363636363,81.84848484848484,182.57142857142858
19,496,2292.0,3345.0,7011.75,21846.75,31423.5,66267.0,0.9578866486492038,0.9781024177818494,0.9902256505097089,0.9786953123849553,0.9916581692734261,0.9961755385398281,0.888171621425042,0.8950567200874512,0.9020391331813888,39.084694107908796,86.68275862068967,196.70798319327733
20,424,2297.5,3455.0,8020.75,22967.5,34243.5,79207.5,0.9597870654430601,0.9800751832564005,0.9914761610813364,0.9810259630877896,0.9924024855357296,0.9967346542454838,0.893873071356531,0.9005080506890261,0.9073730798784625,39.12005928853755,89.73400673400674,206.6327751196172
21,357,2424.0,3548.0,9551.0,25297.0,36474.0,100018.0,0.9618098108707893,0.9813566318106769,0.9925110982435823,0.9832191780821918,0.9929954676555418,0.9971443869355703,0.8988464603446249,0.9054276702913902,0.9113524583284374,40.78787878787879,92.95,212.09756097560975
22,309,2502.0,3578.0,10620.0,27867.0,39665.0,112383.0,0.9629518298639813,0.9814195686262908,0.9929305912596401,0.981873883073781,0.9931565440547476,0.9972257250945775,0.9034649044472227,0.9096119090649671,0.9156496879899173,41.50445103857567,93.46666666666667,221.26530612244898
23,273,2558.0,3619.0,11587.0,30081.0,42914.0,126604.0,0.9641271788949439,0.9807563983899089,0.993662625442311,0.9824304538799414,0.9931059506531205,0.9972197004085338,0.9082778641175263,0.9137004326687185,0.9185882772726404,43.710144927536234,97.28301886792453,219.0909090909091
24,239,2553.0,3715.0,12284.5,31071.5,44762.0,142737.0,0.9656273046171195,0.9811513116996146,0.9944506800675674,0.9816628188524129,0.9939872228485531,0.9976589007093999,0.9109027997191184,0.9166493263278365,0.9216461922335071,47.65360501567398,106.21212121212122,256.0751700680272
25,212,2618.75,3862.0,13037.75,32920.75,48749.0,160032.0,0.9673252093293537,0.9816153183010222,0.9949776135194555,0.9829349041646613,0.9935079550307129,0.9983592816190473,0.9149356599332259,0.9199736210371414,0.9241556127376026,46.43432607865598,113.94940476190476,274.62543706293707
26,184,2788.75,4007.5,13999.5,35651.75,55830.0,180518.5,0.9699409873742231,0.9837439898719523,0.9953357561373777,0.9831896144396144,0.9936627172685164,0.997723356471231,0.9183045921060179,0.9232707587997013,0.9278866814930739,55.82572890384076,124.87090517241379,302.78846153846155
27,163,2807.5,4259.0,14689.0,37670.0,62048.0,195201.0,0.9703436158390265,0.985470598319904,0.995750782835773,0.9857849059873495,0.9949372215471851,0.998608746847047,0.9217875991524634,0.9262414913472022,0.929712599929899,58.27643678160919,131.26605504587155,325.4123376623377
28,148,2929.0,4561.0,15334.25,40658.0,70740.0,214388.0,0.9715552939344996,0.9859946044805246,0.9956623935017027,0.9831517256539044,0.9943449651079297,0.998458780019228,0.9236960585093543,0.9290256816024037,0.9320304985040607,61.65833333333333,127.88244047619048,332.5678571428571
29,134,2940.5,5924.0,16155.75,42522.0,89338.0,236222.25,0.9731313227629107,0.9877859314335709,0.9961750076266772,0.9851456811275836,0.9953575442778884,0.9988413390906142,0.9274091787402432,0.9316388106188007,0.9350282566354015,67.37582417582416,148.55333333333334,380.238905775076
30,118,2944.0,6698.5,17040.75,44276.0,103984.5,251950.25,0.9731924620904552,0.9888054057022951,0.9968110287778361,0.9868994426805504,0.9954150770804993,0.9989057821167133,0.9298394067900974,0.9342610262616581,0.9371327525613848,59.519804287045666,163.2984496124031,452.76351351351354
